column,level,n,pct,default_rate
loan_limit,<missing>,3344,2.25,0.2635
loan_limit,cf,135348,91.04,0.2397
loan_limit,ncf,9978,6.71,0.3321
Gender,Female,27266,18.34,0.2512
Gender,Joint,41399,27.85,0.1916
Gender,Male,42346,28.48,0.2619
Gender,Sex Not Available,37659,25.33,0.2859
approv_in_adv,<missing>,908,0.61,0.2654
approv_in_adv,nopre,124621,83.82,0.2533
approv_in_adv,pre,23141,15.57,0.2089
loan_type,type1,113173,76.12,0.2277
loan_type,type2,20762,13.97,0.3454
loan_type,type3,14735,9.91,0.2506
loan_purpose,<missing>,134,0.09,0.2612
loan_purpose,p1,34529,23.23,0.2588
loan_purpose,p2,3274,2.2,0.3308
loan_purpose,p3,55934,37.62,0.2502
loan_purpose,p4,54799,36.86,0.2297
Credit_Worthiness,l1,142344,95.74,0.2433
Credit_Worthiness,l2,6326,4.26,0.3177
open_credit,nopc,148114,99.63,0.2467
open_credit,opc,556,0.37,0.1763
business_or_commercial,b/c,20762,13.97,0.3454
business_or_commercial,nob/c,127908,86.03,0.2304
Neg_ammortization,<missing>,121,0.08,0.2645
Neg_ammortization,neg_amm,15129,10.18,0.446
Neg_ammortization,not_neg,133420,89.74,0.2238
interest_only,int_only,7110,4.78,0.2731
interest_only,not_int,141560,95.22,0.2451
lump_sum_payment,lpsm,3384,2.28,0.7766
lump_sum_payment,not_lpsm,145286,97.72,0.2341
construction_type,mh,33,0.02,1.0
construction_type,sb,148637,99.98,0.2463
occupancy_type,ir,7340,4.94,0.2999
occupancy_type,pr,138201,92.96,0.243
occupancy_type,sr,3129,2.1,0.2713
Secured_by,home,148637,99.98,0.2463
Secured_by,land,33,0.02,1.0
total_units,1U,146480,98.53,0.245
total_units,2U,1477,0.99,0.3453
total_units,3U,393,0.26,0.3842
total_units,4U,320,0.22,0.2969
credit_type,CIB,48152,32.39,0.158
credit_type,CRIF,43901,29.53,0.1623
credit_type,EQUI,15298,10.29,0.9999
credit_type,EXP,41319,27.79,0.1599
co-applicant_credit_type,CIB,74392,50.04,0.1843
co-applicant_credit_type,EXP,74278,49.96,0.3087
age,25-34,19142,12.88,0.2219
age,35-44,32818,22.07,0.2227
age,45-54,34720,23.35,0.2405
age,55-64,32534,21.88,0.2589
age,65-74,20744,13.95,0.2686
age,<25,1337,0.9,0.2895
age,<missing>,200,0.13,1.0
age,>74,7175,4.83,0.3001
submission_of_application,<missing>,200,0.13,1.0
submission_of_application,not_inst,52656,35.42,0.1752
submission_of_application,to_inst,95814,64.45,0.284
Region,North,74722,50.26,0.2251
Region,North-East,1235,0.83,0.3045
Region,central,8697,5.85,0.2754
Region,south,64016,43.06,0.2663
Security_Type,Indriect,33,0.02,1.0
Security_Type,direct,148637,99.98,0.2463
