column,n_missing,pct_missing,default_rate_if_missing,default_rate_if_present
Upfront_charges,39642,26.66,0.9204,0.0014
Interest_rate_spread,36639,24.64,1.0,0.0
rate_of_interest,36439,24.51,1.0,0.0018
dtir1,24121,16.22,0.6762,0.1632
property_value,15098,10.16,0.9999,0.1613
LTV,15098,10.16,0.9999,0.1613
income,9150,6.15,0.1354,0.2537
loan_limit,3344,2.25,0.2635,0.2461
approv_in_adv,908,0.61,0.2654,0.2463
submission_of_application,200,0.13,1.0,0.2454
age,200,0.13,1.0,0.2454
loan_purpose,134,0.09,0.2612,0.2464
Neg_ammortization,121,0.08,0.2645,0.2464
term,41,0.03,0.3659,0.2464
