column,n_missing,n_zero,n_negative,count,mean,std,min,0.1%,1%,5%,25%,50%,75%,95%,99%,99.9%,max
year,0,0,0,148670.0,2019.0,0.0,2019.0,2019.0,2019.0,2019.0,2019.0,2019.0,2019.0,2019.0,2019.0,2019.0,2019.0
loan_amount,0,0,0,148670.0,331117.744,183909.3101,16500.0,43190.0,66500.0,106500.0,196500.0,296500.0,436500.0,656500.0,856500.0,1486500.0,3576500.0
rate_of_interest,36439,1,0,112231.0,4.0455,0.5614,0.0,2.75,2.875,3.125,3.625,3.99,4.375,4.99,5.5,6.24,8.0
Interest_rate_spread,36639,9,21883,112031.0,0.4417,0.513,-3.638,-0.9128,-0.6811,-0.3174,0.076,0.3904,0.7754,1.3794,1.6196,1.9244,3.357
Upfront_charges,39642,20770,0,109028.0,3224.9961,3251.1215,0.0,0.0,0.0,0.0,581.49,2596.45,4812.5,9272.6885,14297.0499,21935.9256,60000.0
term,41,0,0,148629.0,335.1366,58.4091,96.0,96.0,180.0,180.0,360.0,360.0,360.0,360.0,360.0,360.0,360.0
property_value,15098,0,0,133572.0,497893.4657,359935.3156,8000.0,58000.0,88000.0,148000.0,268000.0,418000.0,628000.0,1058000.0,1808000.0,3508000.0,16508000.0
income,9150,1260,0,139520.0,6957.3389,6496.5864,0.0,0.0,600.0,1920.0,3720.0,5760.0,8520.0,15420.0,26640.0,65460.0,578580.0
Credit_Score,0,0,0,148670.0,699.7891,115.8759,500.0,500.0,504.0,519.0,599.0,699.0,800.0,881.0,897.0,900.0,900.0
LTV,15098,0,0,133572.0,72.7465,39.9676,0.9675,7.7047,19.6101,36.3506,60.4749,75.1359,86.1842,98.7288,102.7597,123.7179,7831.25
dtir1,24121,0,0,124549.0,37.7329,10.5454,5.0,5.0,8.0,20.0,31.0,39.0,45.0,54.0,60.0,61.0,61.0
