sample,grade,n_loans,mean_pd,observed_rate
pooled,A,42062,0.094946,0.096025
pooled,B,9287,0.128173,0.111769
pooled,C,9350,0.143719,0.136791
pooled,D,9354,0.1641,0.159397
pooled,E,4656,0.18526,0.175258
pooled,F,4662,0.210781,0.232089
pooled,G,9354,0.28298,0.291533
pooled,H,4666,0.516329,0.535362
fold_1,A,8485,0.095123,0.094991
fold_1,B,1801,0.128359,0.119378
fold_1,C,1867,0.143668,0.134976
fold_1,D,1855,0.16381,0.152022
fold_1,E,902,0.185373,0.167406
fold_1,F,971,0.210969,0.234809
fold_1,G,1871,0.283775,0.295564
fold_1,H,927,0.519224,0.546926
fold_2,A,8508,0.094503,0.097555
fold_2,B,1807,0.12807,0.108467
fold_2,C,1874,0.143638,0.131804
fold_2,D,1881,0.164262,0.164806
fold_2,E,971,0.185066,0.185376
fold_2,F,889,0.211053,0.230596
fold_2,G,1829,0.282675,0.286495
fold_2,H,919,0.51196,0.546246
fold_3,A,8430,0.094584,0.097153
fold_3,B,1834,0.128079,0.104689
fold_3,C,1875,0.143848,0.143467
fold_3,D,1876,0.164,0.160448
fold_3,E,915,0.185188,0.177049
fold_3,F,892,0.210641,0.225336
fold_3,G,1932,0.282692,0.288302
fold_3,H,924,0.517019,0.53355
fold_4,A,8320,0.094984,0.096875
fold_4,B,1915,0.128151,0.109138
fold_4,C,1832,0.143778,0.132642
fold_4,D,1888,0.164172,0.163136
fold_4,E,903,0.185264,0.172757
fold_4,F,983,0.210861,0.243133
fold_4,G,1883,0.283086,0.284121
fold_4,H,954,0.519197,0.522013
fold_5,A,8319,0.095544,0.093521
fold_5,B,1930,0.128206,0.117098
fold_5,C,1902,0.143663,0.140904
fold_5,D,1854,0.164253,0.156419
fold_5,E,965,0.185413,0.173057
fold_5,F,927,0.210371,0.225458
fold_5,G,1839,0.28267,0.303426
fold_5,H,942,0.514161,0.528662
