feature,coefficient,odds_ratio,sm_coefficient,sm_std_error,sm_p_value,expected_sign,sign_matches_expected,cv_sign_share
income_clean,-0.41540970770395175,0.6600697896196729,-0.4153424649227303,0.01269787270761149,1.1402228253456345e-234,-1.0,True,1.0
income_clean_missing,-0.22090356132326275,0.8017940005142308,-0.21533975069292471,0.046016409209869324,2.8739364527713952e-06,,,1.0
loan_amount,0.11682941224571122,1.1239276850365836,0.11643595104692656,0.01245004094575075,8.579905507395981e-21,-1.0,False,1.0
lump_sum_payment_lpsm,2.4901373512726472,12.06293286584505,2.4866858035500945,0.055663774213607124,0.0,1.0,True,1.0
Neg_ammortization_neg_amm,1.1714629860207593,3.226709818460446,1.1721415187327624,0.025501687598853177,0.0,1.0,True,1.0
loan_type_type2,0.606348585465256,1.833723474980125,0.6039826287162703,0.026083910985081945,1.2834731420209998e-118,1.0,True,1.0
loan_type_type3,0.026208447997711846,1.026554909488219,0.024839188999494687,0.03658485357780986,0.49717122914665546,,,1.0
loan_purpose_p1,-0.17199808935749256,0.8419807818912354,-0.16689681470176332,0.02505484915923174,2.7149353310957138e-11,,,1.0
loan_purpose_p2,0.36100303401193856,1.434767813974629,0.3820002899850344,0.05759763371259659,3.30670871096054e-11,1.0,True,1.0
loan_purpose_p4,-0.005512108889475819,0.9945030549084339,-0.003181554149559567,0.02378691531375886,0.8935984633304455,,,0.6
