model,fold,auc,gini,ks,brier
main,1,0.6760494104775272,0.3520988209550544,0.28013221214504236,0.12246886655289808
main,2,0.6731959200216295,0.34639184004325907,0.2726636644878637,0.12260355633687534
main,3,0.672507111477056,0.345014222954112,0.26754669757776206,0.12327928917459449
main,4,0.6715010825868347,0.34300216517366944,0.27293914531434715,0.1237954725512817
main,5,0.6797737062154574,0.3595474124309148,0.27281022130974525,0.12292673185862321
main,mean,0.6746054461557011,0.34921089231140195,0.2732183881669521,0.12301478329485456
without_lump_sum_payment,1,0.6494036526990864,0.2988073053981728,0.23738764320693242,0.12704120006064473
without_lump_sum_payment,2,0.6463807066653924,0.29276141333078476,0.24104201772583678,0.12697902635221936
without_lump_sum_payment,3,0.6483428367403855,0.296685673480771,0.23608093514240924,0.12693512065887666
without_lump_sum_payment,4,0.646791489550554,0.293582979101108,0.24067415626969313,0.12721195874181168
without_lump_sum_payment,5,0.6582882354865304,0.31657647097306074,0.24154864178752816,0.12650018102272223
without_lump_sum_payment,mean,0.6498413842283897,0.29968276845677944,0.23934667882647992,0.12693349736725493
