variable,bin_order,bin_label,n_baseline,n_monitored,share_baseline,share_monitored,psi_contribution
score,1,"[-inf, 0.081759)",9338,4008,0.099988,0.100248,1e-06
score,2,"[0.081759, 0.095556)",9337,3910,0.099978,0.097796,4.8e-05
score,3,"[0.095556, 0.105591)",9339,3884,0.099999,0.097146,8.3e-05
score,4,"[0.105591, 0.115799)",9347,4117,0.100085,0.102974,8.2e-05
score,5,"[0.115799, 0.128021)",9337,4006,0.099978,0.100198,0.0
score,6,"[0.128021, 0.143572)",9336,4119,0.099967,0.103024,9.2e-05
score,7,"[0.143572, 0.163718)",9337,4054,0.099978,0.101398,2e-05
score,8,"[0.163718, 0.195443)",9341,4031,0.10002,0.100823,6e-06
score,9,"[0.195443, 0.276959)",9341,3931,0.10002,0.098322,2.9e-05
score,10,"[0.276959, inf)",9338,3921,0.099988,0.098072,3.7e-05
score,11,<missing>,0,0,0.0,0.0,0.0
loan_amount,1,"[-inf, 126500)",7683,3195,0.082267,0.079913,6.8e-05
loan_amount,2,"[126500, 176500)",10010,4298,0.107184,0.107501,1e-06
loan_amount,3,"[176500, 216500)",9073,3873,0.097151,0.096871,1e-06
loan_amount,4,"[216500, 256500)",9369,3988,0.10032,0.099747,3e-06
loan_amount,5,"[256500, 296500)",8961,4003,0.095951,0.100123,0.000177
loan_amount,6,"[296500, 346500)",9753,4197,0.104432,0.104975,3e-06
loan_amount,7,"[346500, 406500)",9829,4189,0.105246,0.104775,2e-06
loan_amount,8,"[406500, 476500)",9915,4246,0.106167,0.1062,0.0
loan_amount,9,"[476500, 576500)",9399,4062,0.100641,0.101598,9e-06
loan_amount,10,"[576500, inf)",9399,3930,0.100641,0.098297,5.5e-05
loan_amount,11,<missing>,0,0,0.0,0.0,0.0
income_clean,1,"[-inf, 2580)",8465,3448,0.09064,0.086241,0.000219
income_clean,2,"[2580, 3420)",8662,3783,0.09275,0.09462,3.7e-05
income_clean,3,"[3420, 4200)",8659,3857,0.092718,0.096471,0.000149
income_clean,4,"[4200, 4980)",8590,3736,0.091979,0.093444,2.3e-05
income_clean,5,"[4980, 5820)",8868,3840,0.094956,0.096046,1.2e-05
income_clean,6,"[5820, 6780)",8805,3783,0.094281,0.09462,1e-06
income_clean,7,"[6780, 7860)",8519,3584,0.091219,0.089643,2.7e-05
income_clean,8,"[7860, 9420)",8702,3788,0.093178,0.094745,2.6e-05
income_clean,9,"[9420, 12240)",8776,3728,0.093971,0.093244,6e-06
income_clean,10,"[12240, inf)",8788,3708,0.094099,0.092744,2e-05
income_clean,11,<missing>,6557,2726,0.07021,0.068182,5.9e-05
grade,1,A,42029,17951,0.450033,0.448988,2e-06
grade,2,B,9341,3979,0.10002,0.099522,2e-06
grade,3,C,9340,4158,0.10001,0.103999,0.000156
grade,4,D,9327,4062,0.09987,0.101598,3e-05
grade,5,E,4675,1979,0.050058,0.049499,6e-06
grade,6,F,4670,2002,0.050005,0.050074,0.0
grade,7,G,9339,3914,0.099999,0.097897,4.5e-05
grade,8,H,4670,1936,0.050005,0.048423,5.1e-05
grade,9,<missing>,0,0,0.0,0.0,0.0
grade,10,<unseen>,0,0,0.0,0.0,0.0
lump_sum_payment,1,lpsm,1540,678,0.01649,0.016958,1.3e-05
lump_sum_payment,2,not_lpsm,91851,39303,0.98351,0.983042,0.0
lump_sum_payment,3,<missing>,0,0,0.0,0.0,0.0
lump_sum_payment,4,<unseen>,0,0,0.0,0.0,0.0
Neg_ammortization,1,neg_amm,8847,3652,0.094731,0.091343,0.000123
Neg_ammortization,2,not_neg,84465,36295,0.904423,0.907806,1.3e-05
Neg_ammortization,3,<missing>,79,34,0.000846,0.00085,0.0
Neg_ammortization,4,<unseen>,0,0,0.0,0.0,0.0
loan_type,1,type1,71492,30593,0.765513,0.765188,0.0
loan_type,2,type2,12807,5500,0.137133,0.137565,1e-06
loan_type,3,type3,9092,3888,0.097354,0.097246,0.0
loan_type,4,<missing>,0,0,0.0,0.0,0.0
loan_type,5,<unseen>,0,0,0.0,0.0,0.0
loan_purpose,1,p1,20951,9051,0.224336,0.226383,1.9e-05
loan_purpose,2,p2,2073,857,0.022197,0.021435,2.7e-05
loan_purpose,3,p3,35731,15231,0.382596,0.380956,7e-06
loan_purpose,4,p4,34562,14807,0.370078,0.370351,0.0
loan_purpose,5,<missing>,74,35,0.000792,0.000875,8e-06
loan_purpose,6,<unseen>,0,0,0.0,0.0,0.0
