variable,bin_order,bin_label,kind,lower,upper,level,n_loans,share
score,1,"[-inf, 0.081759)",range,-inf,0.081759,,9338,0.099988
score,2,"[0.081759, 0.095556)",range,0.081759,0.095556,,9337,0.099978
score,3,"[0.095556, 0.105591)",range,0.095556,0.105591,,9339,0.099999
score,4,"[0.105591, 0.115799)",range,0.105591,0.115799,,9347,0.100085
score,5,"[0.115799, 0.128021)",range,0.115799,0.128021,,9337,0.099978
score,6,"[0.128021, 0.143572)",range,0.128021,0.143572,,9336,0.099967
score,7,"[0.143572, 0.163718)",range,0.143572,0.163718,,9337,0.099978
score,8,"[0.163718, 0.195443)",range,0.163718,0.195443,,9341,0.10002
score,9,"[0.195443, 0.276959)",range,0.195443,0.276959,,9341,0.10002
score,10,"[0.276959, inf)",range,0.276959,inf,,9338,0.099988
score,11,<missing>,missing,,,,0,0.0
loan_amount,1,"[-inf, 126500)",range,-inf,126500.0,,7683,0.082267
loan_amount,2,"[126500, 176500)",range,126500.0,176500.0,,10010,0.107184
loan_amount,3,"[176500, 216500)",range,176500.0,216500.0,,9073,0.097151
loan_amount,4,"[216500, 256500)",range,216500.0,256500.0,,9369,0.10032
loan_amount,5,"[256500, 296500)",range,256500.0,296500.0,,8961,0.095951
loan_amount,6,"[296500, 346500)",range,296500.0,346500.0,,9753,0.104432
loan_amount,7,"[346500, 406500)",range,346500.0,406500.0,,9829,0.105246
loan_amount,8,"[406500, 476500)",range,406500.0,476500.0,,9915,0.106167
loan_amount,9,"[476500, 576500)",range,476500.0,576500.0,,9399,0.100641
loan_amount,10,"[576500, inf)",range,576500.0,inf,,9399,0.100641
loan_amount,11,<missing>,missing,,,,0,0.0
income_clean,1,"[-inf, 2580)",range,-inf,2580.0,,8465,0.09064
income_clean,2,"[2580, 3420)",range,2580.0,3420.0,,8662,0.09275
income_clean,3,"[3420, 4200)",range,3420.0,4200.0,,8659,0.092718
income_clean,4,"[4200, 4980)",range,4200.0,4980.0,,8590,0.091979
income_clean,5,"[4980, 5820)",range,4980.0,5820.0,,8868,0.094956
income_clean,6,"[5820, 6780)",range,5820.0,6780.0,,8805,0.094281
income_clean,7,"[6780, 7860)",range,6780.0,7860.0,,8519,0.091219
income_clean,8,"[7860, 9420)",range,7860.0,9420.0,,8702,0.093178
income_clean,9,"[9420, 12240)",range,9420.0,12240.0,,8776,0.093971
income_clean,10,"[12240, inf)",range,12240.0,inf,,8788,0.094099
income_clean,11,<missing>,missing,,,,6557,0.07021
grade,1,A,level,,,A,42029,0.450033
grade,2,B,level,,,B,9341,0.10002
grade,3,C,level,,,C,9340,0.10001
grade,4,D,level,,,D,9327,0.09987
grade,5,E,level,,,E,4675,0.050058
grade,6,F,level,,,F,4670,0.050005
grade,7,G,level,,,G,9339,0.099999
grade,8,H,level,,,H,4670,0.050005
grade,9,<missing>,missing,,,,0,0.0
grade,10,<unseen>,unseen,,,,0,0.0
lump_sum_payment,1,lpsm,level,,,lpsm,1540,0.01649
lump_sum_payment,2,not_lpsm,level,,,not_lpsm,91851,0.98351
lump_sum_payment,3,<missing>,missing,,,,0,0.0
lump_sum_payment,4,<unseen>,unseen,,,,0,0.0
Neg_ammortization,1,neg_amm,level,,,neg_amm,8847,0.094731
Neg_ammortization,2,not_neg,level,,,not_neg,84465,0.904423
Neg_ammortization,3,<missing>,missing,,,,79,0.000846
Neg_ammortization,4,<unseen>,unseen,,,,0,0.0
loan_type,1,type1,level,,,type1,71492,0.765513
loan_type,2,type2,level,,,type2,12807,0.137133
loan_type,3,type3,level,,,type3,9092,0.097354
loan_type,4,<missing>,missing,,,,0,0.0
loan_type,5,<unseen>,unseen,,,,0,0.0
loan_purpose,1,p1,level,,,p1,20951,0.224336
loan_purpose,2,p2,level,,,p2,2073,0.022197
loan_purpose,3,p3,level,,,p3,35731,0.382596
loan_purpose,4,p4,level,,,p4,34562,0.370078
loan_purpose,5,<missing>,missing,,,,74,0.000792
loan_purpose,6,<unseen>,unseen,,,,0,0.0
