population,variable,bin,bin_min,bin_max,n_loans,default_rate
all,income_clean,1,60.0,2580.0,13826,0.387097
all,income_clean,2,2580.0,3420.0,13826,0.300087
all,income_clean,3,3420.0,4140.0,13826,0.272458
all,income_clean,4,4140.0,4980.0,13826,0.252061
all,income_clean,5,4980.0,5760.0,13826,0.227108
all,income_clean,6,5760.0,6720.0,13826,0.220165
all,income_clean,7,6720.0,7860.0,13826,0.206929
all,income_clean,8,7860.0,9420.0,13826,0.19825
all,income_clean,9,9420.0,12240.0,13826,0.196948
all,income_clean,10,12240.0,578580.0,13826,0.208737
all,loan_amount,1,16500.0,126500.0,14867,0.332212
all,loan_amount,2,126500.0,176500.0,14867,0.282236
all,loan_amount,3,176500.0,216500.0,14867,0.262528
all,loan_amount,4,216500.0,256500.0,14867,0.243223
all,loan_amount,5,256500.0,296500.0,14867,0.240802
all,loan_amount,6,296500.0,346500.0,14867,0.22782
all,loan_amount,7,346500.0,406500.0,14867,0.217932
all,loan_amount,8,406500.0,476500.0,14867,0.210668
all,loan_amount,9,476500.0,566500.0,14867,0.206834
all,loan_amount,10,566500.0,3576500.0,14867,0.240196
outside_EQUI,income_clean,1,60.0,2580.0,12409,0.303812
outside_EQUI,income_clean,2,2580.0,3420.0,12409,0.212024
outside_EQUI,income_clean,3,3420.0,4200.0,12409,0.184141
outside_EQUI,income_clean,4,4200.0,4980.0,12409,0.164961
outside_EQUI,income_clean,5,4980.0,5820.0,12409,0.143364
outside_EQUI,income_clean,6,5820.0,6720.0,12409,0.132243
outside_EQUI,income_clean,7,6720.0,7860.0,12409,0.125312
outside_EQUI,income_clean,8,7860.0,9420.0,12409,0.10984
outside_EQUI,income_clean,9,9420.0,12240.0,12409,0.113144
outside_EQUI,income_clean,10,12240.0,578580.0,12408,0.121132
outside_EQUI,loan_amount,1,16500.0,126500.0,13338,0.239841
outside_EQUI,loan_amount,2,126500.0,176500.0,13338,0.190808
outside_EQUI,loan_amount,3,176500.0,216500.0,13337,0.178001
outside_EQUI,loan_amount,4,216500.0,256500.0,13337,0.161206
outside_EQUI,loan_amount,5,256500.0,296500.0,13337,0.156107
outside_EQUI,loan_amount,6,296500.0,346500.0,13337,0.142611
outside_EQUI,loan_amount,7,346500.0,406500.0,13337,0.132489
outside_EQUI,loan_amount,8,406500.0,476500.0,13337,0.123941
outside_EQUI,loan_amount,9,476500.0,566500.0,13337,0.121617
outside_EQUI,loan_amount,10,566500.0,3576500.0,13337,0.153558
