population,feature_1,level_1,feature_2,level_2,n_loans,default_rate
all,Region,North,loan_type,type1,57209,0.208621
all,Region,North,loan_type,type2,10290,0.308066
all,Region,North,loan_type,type3,7223,0.237574
all,Region,North-East,loan_type,type1,850,0.278824
all,Region,North-East,loan_type,type2,234,0.410256
all,Region,North-East,loan_type,type3,151,0.284768
all,Region,central,loan_type,type1,5576,0.239778
all,Region,central,loan_type,type2,1839,0.37901
all,Region,central,loan_type,type3,1282,0.281591
all,Region,south,loan_type,type1,49538,0.247608
all,Region,south,loan_type,type2,8399,0.382069
all,Region,south,loan_type,type3,6079,0.258595
all,loan_type,type1,loan_purpose,<missing>,94,0.212766
all,loan_type,type1,loan_purpose,p1,26304,0.243955
all,loan_type,type1,loan_purpose,p2,2827,0.307747
all,loan_type,type1,loan_purpose,p3,41304,0.2224
all,loan_type,type1,loan_purpose,p4,42644,0.217663
all,loan_type,type2,loan_purpose,<missing>,30,0.466667
all,loan_type,type2,loan_purpose,p1,5677,0.319183
all,loan_type,type2,loan_purpose,p2,438,0.468037
all,loan_type,type2,loan_purpose,p3,8549,0.34776
all,loan_type,type2,loan_purpose,p4,6068,0.357284
all,loan_type,type3,loan_purpose,<missing>,10,0.1
all,loan_type,type3,loan_purpose,p1,2548,0.27708
all,loan_type,type3,loan_purpose,p3,6081,0.302088
all,loan_type,type3,loan_purpose,p4,6087,0.187284
all,loan_type,type1,occupancy_type,ir,7338,0.299673
all,loan_type,type1,occupancy_type,pr,102708,0.221297
all,loan_type,type1,occupancy_type,sr,3127,0.270867
all,loan_type,type2,occupancy_type,pr,20758,0.345313
all,loan_type,type3,occupancy_type,pr,14735,0.25056
outside_EQUI,Region,North,loan_type,type1,51914,0.127904
outside_EQUI,Region,North,loan_type,type2,9217,0.227514
outside_EQUI,Region,North,loan_type,type3,6403,0.139934
outside_EQUI,Region,North-East,loan_type,type1,754,0.187003
outside_EQUI,Region,North-East,loan_type,type2,202,0.316832
outside_EQUI,Region,North-East,loan_type,type3,133,0.18797
outside_EQUI,Region,central,loan_type,type1,5072,0.164235
outside_EQUI,Region,central,loan_type,type2,1634,0.301102
outside_EQUI,Region,central,loan_type,type3,1129,0.184234
outside_EQUI,Region,south,loan_type,type1,44345,0.159522
outside_EQUI,Region,south,loan_type,type2,7254,0.284533
outside_EQUI,Region,south,loan_type,type3,5315,0.152023
outside_EQUI,loan_type,type1,loan_purpose,<missing>,80,0.075
outside_EQUI,loan_type,type1,loan_purpose,p1,22911,0.132033
outside_EQUI,loan_type,type1,loan_purpose,p2,2540,0.229528
outside_EQUI,loan_type,type1,loan_purpose,p3,37915,0.152895
outside_EQUI,loan_type,type1,loan_purpose,p4,38639,0.136572
outside_EQUI,loan_type,type2,loan_purpose,<missing>,19,0.157895
outside_EQUI,loan_type,type2,loan_purpose,p1,4913,0.213312
outside_EQUI,loan_type,type2,loan_purpose,p2,384,0.393229
outside_EQUI,loan_type,type2,loan_purpose,p3,7774,0.282737
outside_EQUI,loan_type,type2,loan_purpose,p4,5217,0.252444
outside_EQUI,loan_type,type3,loan_purpose,<missing>,10,0.1
outside_EQUI,loan_type,type3,loan_purpose,p1,2178,0.15427
outside_EQUI,loan_type,type3,loan_purpose,p3,5273,0.195145
outside_EQUI,loan_type,type3,loan_purpose,p4,5513,0.102666
outside_EQUI,loan_type,type1,occupancy_type,ir,6586,0.219708
outside_EQUI,loan_type,type1,occupancy_type,pr,92712,0.13735
outside_EQUI,loan_type,type1,occupancy_type,sr,2787,0.181916
outside_EQUI,loan_type,type2,occupancy_type,pr,18303,0.257499
outside_EQUI,loan_type,type3,occupancy_type,pr,12980,0.14923
