column_name,n_missing,share_missing,default_rate_if_missing,default_rate_if_present
Upfront_charges,39642,0.266644,0.920387,0.001403
Interest_rate_spread,36639,0.246445,1.0,0.0
rate_of_interest_clean,36440,0.245107,0.999973,0.001782
rate_of_interest,36439,0.2451,1.0,0.001782
dtir1,24121,0.162245,0.676174,0.163221
LTV_clean,15104,0.101594,0.999537,0.161284
property_value_clean,15104,0.101594,0.999537,0.161284
LTV,15098,0.101554,0.999868,0.161284
property_value,15098,0.101554,0.999868,0.161284
income_clean,10410,0.070021,0.239289,0.246984
income,9150,0.061546,0.13541,0.253727
loan_limit,3344,0.022493,0.263457,0.246054
approv_in_adv,908,0.006107,0.265419,0.246329
age,200,0.001345,1.0,0.24543
submission_of_application,200,0.001345,1.0,0.24543
loan_purpose,134,0.000901,0.261194,0.246432
Neg_ammortization,121,0.000814,0.264463,0.24643
term,41,0.000276,0.365854,0.246412
