segment_column,segment_level,n_loans,share_loans,exposure,share_exposure,default_rate,default_rate_amount_weighted
Region,North,74722,0.502603,24697733000.0,0.501708,0.225114,0.21647
Region,south,64016,0.430591,21337884000.0,0.433457,0.266293,0.258666
Region,central,8697,0.058499,2809970500.0,0.057082,0.275382,0.256105
Region,North-East,1235,0.008307,381687500.0,0.007754,0.304453,0.29499
loan_purpose,p3,55934,0.376229,16486451000.0,0.334905,0.250223,0.25235
loan_purpose,p4,54799,0.368595,20333803500.0,0.41306,0.229749,0.217901
loan_purpose,p1,34529,0.232253,11696848500.0,0.237609,0.258768,0.246515
loan_purpose,p2,3274,0.022022,662861000.0,0.013465,0.330788,0.320232
loan_purpose,<missing>,134,0.000901,47311000.0,0.000961,0.261194,0.234354
loan_type,type1,113173,0.761236,38884764500.0,0.789903,0.227749,0.226633
loan_type,type2,20762,0.139652,5334623000.0,0.108367,0.345439,0.319675
loan_type,type3,14735,0.099112,5007887500.0,0.10173,0.25056,0.235632
occupancy_type,pr,138201,0.929582,46018536500.0,0.934818,0.243045,0.233975
occupancy_type,ir,7340,0.049371,2307400000.0,0.046872,0.299864,0.295656
occupancy_type,sr,3129,0.021047,901338500.0,0.01831,0.271333,0.275722
term,360.0,121685,0.818491,42114142500.0,0.855504,0.242076,0.23285
term,180.0,12981,0.087314,3286436500.0,0.06676,0.24297,0.235797
term,240.0,5859,0.039409,1631663500.0,0.033146,0.208227,0.191492
term,300.0,2822,0.018982,815783000.0,0.016572,0.565556,0.607005
term,324.0,2766,0.018605,769719000.0,0.015636,0.254158,0.254508
term,120.0,510,0.00343,100445000.0,0.00204,0.182353,0.176261
term,144.0,263,0.001769,52059500.0,0.001058,0.174905,0.165368
term,348.0,260,0.001749,83450000.0,0.001695,0.203846,0.199455
term,336.0,213,0.001433,68434500.0,0.00139,0.183099,0.158451
term,96.0,194,0.001305,34931000.0,0.00071,0.206186,0.207266
term,312.0,185,0.001244,53182500.0,0.00108,0.162162,0.167066
term,156.0,174,0.00117,36821000.0,0.000748,0.189655,0.173121
term,216.0,115,0.000774,30457500.0,0.000619,0.226087,0.192695
term,276.0,100,0.000673,26400000.0,0.000536,0.27,0.231269
term,132.0,93,0.000626,16784500.0,0.000341,0.27957,0.23766
term,288.0,90,0.000605,24605000.0,0.0005,0.144444,0.140398
term,168.0,82,0.000552,19683000.0,0.0004,0.219512,0.20002
term,228.0,74,0.000498,19151000.0,0.000389,0.243243,0.191478
term,204.0,59,0.000397,13763500.0,0.00028,0.271186,0.301086
term,264.0,43,0.000289,10709500.0,0.000218,0.162791,0.174191
term,<missing>,41,0.000276,7126500.0,0.000145,0.365854,0.351856
term,108.0,33,0.000222,5524500.0,0.000112,0.151515,0.1163
term,192.0,17,0.000114,3580500.0,7.3e-05,0.117647,0.160034
